PatientID,Modality,SeriesInstanceUID,SeriesDescription,series_size_MB
VHP-F,XC,1.3.6.1.4.1.5962.1.3.0.1.1677425356.1733,Fullcolor - direct digital,38753.287364
VHP-F,XC,1.3.6.1.4.1.5962.1.3.0.2.1677425356.1733,70mm film - digitized,195185.148264
VHP-F,MR,1.3.6.1.4.1.5962.1.3.2716.10.1672334394.26545,T1 CORONAL CHEST,17.289554
VHP-F,MR,1.3.6.1.4.1.5962.1.3.2716.12.1672334394.26545,T1 CORONAL CHEST,6.516804
VHP-F,MR,1.3.6.1.4.1.5962.1.3.2716.13.1672334394.26545,T2 COR PELVIS,18.087406
VHP-F,MR,1.3.6.1.4.1.5962.1.3.2716.15.1672334394.26545,T1 COR LEGS,4.521728
VHP-F,MR,1.3.6.1.4.1.5962.1.3.2716.16.1672334394.26545,T2 COR LEGS,9.043456
VHP-F,MR,1.3.6.1.4.1.5962.1.3.2716.18.1672334394.26545,T1 COR FEET,6.915526
VHP-F,MR,1.3.6.1.4.1.5962.1.3.2716.19.1672334394.26545,T2 COR FEET,13.831082
VHP-F,MR,1.3.6.1.4.1.5962.1.3.2716.2.1672334394.26545,AXIAL T2,8.777304
VHP-F,MR,1.3.6.1.4.1.5962.1.3.2716.3.1672334394.26545,T1 AXIAL,4.388506
VHP-F,MR,1.3.6.1.4.1.5962.1.3.2716.6.1672334394.26545,T2 CORONAL NECK,16.757906
VHP-F,MR,1.3.6.1.4.1.5962.1.3.2716.7.1672334394.26545,T1 CORONAL NECK,7.979426
VHP-F,MR,1.3.6.1.4.1.5962.1.3.2716.9.1672334394.26545,T1 CORONAL CHEST,8.644388
VHP-F,CT,1.3.6.1.4.1.5962.1.3.370.2.1672334394.26545,AXIAL 1X1 NCE,518.196086
VHP-F,CT,1.3.6.1.4.1.5962.1.3.371.2.1672334394.26545,1X1 AXIAL FEMUR-TOES NCE,394.046838
VHP-M,XC,1.3.6.1.4.1.5962.1.3.0.1.1672334394.26545,Fullcolor - direct digital,14033.508996
VHP-M,XC,1.3.6.1.4.1.5962.1.3.0.2.1672334394.26545,70mm film - digitized,62078.084874
VHP-M,CT,1.3.6.1.4.1.5962.1.3.1174.2.1672334394.26545,,219.374434
VHP-M,CT,1.3.6.1.4.1.5962.1.3.1174.5.1672334394.26545,,54.711884
VHP-M,MR,1.3.6.1.4.1.5962.1.3.2297.10.1672334394.26545,T2 CORONAL CHEST,18.616774
VHP-M,MR,1.3.6.1.4.1.5962.1.3.2297.13.1672334394.26545,T1 CORONAL PELVIS,9.83978
VHP-M,MR,1.3.6.1.4.1.5962.1.3.2297.14.1672334394.26545,T2 CORONAL PELVIS,13.032042
VHP-M,MR,1.3.6.1.4.1.5962.1.3.2297.18.1672334394.26545,T1 CORONAL KNEE,5.98351
VHP-M,MR,1.3.6.1.4.1.5962.1.3.2297.19.1672334394.26545,T2 CORONAL KNEES,11.96774
VHP-M,MR,1.3.6.1.4.1.5962.1.3.2297.2.1672334394.26545,AXIAL T2,8.775852
VHP-M,MR,1.3.6.1.4.1.5962.1.3.2297.21.1672334394.26545,T1 CORONAL ANKLE,7.446208
VHP-M,MR,1.3.6.1.4.1.5962.1.3.2297.22.1672334394.26545,T2 CORONAL ANKLE,14.892942
VHP-M,MR,1.3.6.1.4.1.5962.1.3.2297.3.1672334394.26545,T1 AXIAL,4.387776
VHP-M,MR,1.3.6.1.4.1.5962.1.3.2297.6.1672334394.26545,T1 CORONAL,8.376514
VHP-M,MR,1.3.6.1.4.1.5962.1.3.2297.7.1672334394.26545,T2 CORONAL NECK,16.754378
VHP-M,MR,1.3.6.1.4.1.5962.1.3.2297.9.1672334394.26545,T1 CORONAL CHEST,9.307388
VHP-M,CT,1.3.6.1.4.1.5962.1.3.32.4.1672334394.26545,,443.99947
VHP-M,CT,1.3.6.1.4.1.5962.1.3.34.3.1672334394.26545,,425.587214
VHP-M,CT,1.3.6.1.4.1.5962.1.3.646.2.1672334394.26545,AXIAL 1X1,117.84192
VHP-M,CT,1.3.6.1.4.1.5962.1.3.998.1.1672334394.26545,,0.939762
VHP-M,CT,1.3.6.1.4.1.5962.1.3.999.1.1672334394.26545,,0.858868
VHP-M,CT,1.3.6.1.4.1.5962.1.3.999.4.1672334394.26545,,0.872174
VHP-M,CT,1.3.6.1.4.1.5962.1.3.999.6.1672334394.26545,,1.010408
