SeriesInstanceUID,StudyInstanceUID,Modality,SeriesDescription,series_size_MB,instanceCount,StudyDescription,BodyPartExamined
1.3.6.1.4.1.5962.1.3.32.4.1672334394.26545,1.3.6.1.4.1.5962.1.2.32.1672334394.26545,CT,,443.99947,844,Frozen,WHOLEBODY
1.3.6.1.4.1.5962.1.3.34.3.1672334394.26545,1.3.6.1.4.1.5962.1.2.34.1672334394.26545,CT,,425.587214,809,Frozen,WHOLEBODY
1.3.6.1.4.1.5962.1.3.1174.2.1672334394.26545,1.3.6.1.4.1.5962.1.2.1174.1672334394.26545,CT,,219.374434,417,Normal,WHOLEBODY
1.3.6.1.4.1.5962.1.3.646.2.1672334394.26545,1.3.6.1.4.1.5962.1.2.646.1672334394.26545,CT,AXIAL 1X1,117.84192,224,Frozen,WHOLEBODY
1.3.6.1.4.1.5962.1.3.1174.5.1672334394.26545,1.3.6.1.4.1.5962.1.2.1174.1672334394.26545,CT,,54.711884,104,Normal,WHOLEBODY
1.3.6.1.4.1.5962.1.3.999.6.1672334394.26545,1.3.6.1.4.1.5962.1.2.999.1672334394.26545,CT,,1.010408,1,Frozen,WHOLEBODY
1.3.6.1.4.1.5962.1.3.998.1.1672334394.26545,1.3.6.1.4.1.5962.1.2.998.1672334394.26545,CT,,0.939762,1,Frozen,WHOLEBODY
1.3.6.1.4.1.5962.1.3.999.4.1672334394.26545,1.3.6.1.4.1.5962.1.2.999.1672334394.26545,CT,,0.872174,1,Frozen,WHOLEBODY
1.3.6.1.4.1.5962.1.3.999.1.1672334394.26545,1.3.6.1.4.1.5962.1.2.999.1672334394.26545,CT,,0.858868,1,Frozen,WHOLEBODY
